"","id","sex","FID","dad","mom","pheno","population"
"NA19919","NA19919",1,"2427","NA19908","NA19909",0,"ASW"
"NA19916","NA19916",1,"2431","0","0",0,"ASW"
"NA19835","NA19835",0,"2424","0","0",0,"ASW"
"NA20282","NA20282",0,"2469","0","0",0,"ASW"
"NA19703","NA19703",1,"2368","0","0",0,"ASW"
"NA19902","NA19902",0,"2425","NA19900","NA19901",0,"ASW"
"NA19901","NA19901",0,"2425","0","0",0,"ASW"
"NA19908","NA19908",1,"2427","0","0",0,"ASW"
"NA19914","NA19914",0,"2430","0","0",0,"ASW"
"NA20287","NA20287",0,"2470","0","0",0,"ASW"
"NA20335","NA20335",1,"2484","0","NA20334",0,"ASW"
"NA19713","NA19713",0,"2436","0","0",0,"ASW"
"NA19904","NA19904",1,"2426","0","0",0,"ASW"
"NA19917","NA19917",0,"2431","0","0",0,"ASW"
"NA19982","NA19982",1,"2436","0","0",0,"ASW"
"NA20340","NA20340",1,"2487","0","0",0,"ASW"
"NA20297","NA20297",1,"2475","0","NA20296",0,"ASW"
"NA19909","NA19909",0,"2427","0","0",0,"ASW"
"NA19834","NA19834",1,"2424","0","0",0,"ASW"
"NA20317","NA20317",0,"2480","0","0",0,"ASW"
"NA19818","NA19818",1,"2418","0","0",0,"ASW"
"NA20290","NA20290",0,"2471","0","NA20289",0,"ASW"
"NA20295","NA20295",1,"2474","0","NA20294",0,"ASW"
"NA20346","NA20346",1,"2490","0","0",0,"ASW"
"NA19921","NA19921",0,"2433","0","0",0,"ASW"
"NA20281","NA20281",1,"2469","0","0",0,"ASW"
"NA20359","NA20359",0,"2495","0","0",0,"ASW"
"NA20301","NA20301",0,"2477","0","0",0,"ASW"
"NA20349","NA20349",1,"2492","0","0",0,"ASW"
"NA20294","NA20294",0,"2474","0","0",0,"ASW"
"NA20337","NA20337",0,"2485","0","NA20336",0,"ASW"
"NA20357","NA20357",0,"2494","0","0",0,"ASW"
"NA19900","NA19900",1,"2425","0","0",0,"ASW"
"NA20128","NA20128",0,"2446","NA20126","NA20127",0,"ASW"
"NA20348","NA20348",1,"2491","0","0",0,"ASW"
"NA20289","NA20289",0,"2471","0","0",0,"ASW"
"NA20344","NA20344",0,"2489","0","0",0,"ASW"
"NA20333","NA20333",0,"2483","0","NA20332",0,"ASW"
"NA20277","NA20277",0,"2466","0","NA20276",0,"ASW"
"NA20300","NA20300",0,"2476","0","NA20299",0,"ASW"
"NA19819","NA19819",0,"2418","0","0",0,"ASW"
"NA20343","NA20343",1,"2488","NA20342","0",0,"ASW"
"NA19625","NA19625",0,"2357","0","0",0,"ASW"
"NA20332","NA20332",0,"2483","0","0",0,"ASW"
"NA19700","NA19700",1,"2367","0","0",0,"ASW"
"NA20291","NA20291",1,"2472","0","0",0,"ASW"
"NA20342","NA20342",1,"2488","0","0",0,"ASW"
"NA20334","NA20334",0,"2484","0","0",0,"ASW"
"NA20356","NA20356",1,"2494","0","0",0,"ASW"
"NA20292","NA20292",0,"2472","NA20291","0",0,"ASW"
"NA20350","NA20350",1,"2492","NA20349","0",0,"ASW"
"NA20279","NA20279",1,"2467","NA20278","0",0,"ASW"
"NA20288","NA20288",1,"2470","0","NA20287",0,"ASW"
"NA20284","NA20284",1,"2469","NA20281","NA20282",0,"ASW"
"NA19712","NA19712",0,"2371","0","0",0,"ASW"
"NA20322","NA20322",0,"2481","0","0",0,"ASW"
"NA19704","NA19704",0,"2368","0","0",0,"ASW"
"NA19714","NA19714",0,"2437","0","NA19985",0,"ASW"
"NA19701","NA19701",0,"2367","0","0",0,"ASW"
"NA20358","NA20358",1,"2494","NA20356","NA20357",0,"ASW"
"NA20363","NA20363",0,"2496","0","0",0,"ASW"
"NA20360","NA20360",1,"2495","0","NA20359",0,"ASW"
"NA20129","NA20129",0,"2433","NA19920","NA19921",0,"ASW"
"NA19705","NA19705",1,"2368","NA19703","NA19704",0,"ASW"
"NA19836","NA19836",0,"2424","NA19834","NA19835",0,"ASW"
"NA20319","NA20319",0,"2480","0","NA20317",0,"ASW"
"NA20345","NA20345",1,"2489","0","NA20344",0,"ASW"
"NA20302","NA20302",1,"2477","0","NA20301",0,"ASW"
"NA19711","NA19711",1,"2371","0","0",0,"ASW"
"NA20347","NA20347",1,"2490","NA20346","0",0,"ASW"
"NA19702","NA19702",1,"2367","NA19700","NA19701",0,"ASW"
"NA20126","NA20126",1,"2446","0","0",0,"ASW"
"NA20364","NA20364",0,"2496","0","NA20363",0,"ASW"
"NA20336","NA20336",0,"2485","0","0",0,"ASW"
"NA19915","NA19915",1,"2430","0","NA19914",0,"ASW"
"NA19708","NA19708",0,"2369","0","NA19707",0,"ASW"
"NA20341","NA20341",0,"2487","0","0",0,"ASW"
"NA19918","NA19918",1,"2431","NA19916","NA19917",0,"ASW"
"NA19828","NA19828",1,"2418","NA19818","NA19819",0,"ASW"
"NA19985","NA19985",0,"2437","0","0",0,"ASW"
"NA20276","NA20276",0,"2466","0","0",0,"ASW"
"NA20127","NA20127",0,"2446","0","0",0,"ASW"
"NA19983","NA19983",0,"2436","NA19982","NA19713",0,"ASW"
"NA06989","NA06989",0,"1328","0","0",0,"CEU"
"NA11891","NA11891",1,"1377","0","0",0,"CEU"
"NA11843","NA11843",1,"1349","0","0",0,"CEU"
"NA12341","NA12341",0,"1330","0","0",0,"CEU"
"NA12739","NA12739",1,"1444","NA12748","NA12749",0,"CEU"
"NA10850","NA10850",0,"1344","0","NA12058",0,"CEU"
"NA06984","NA06984",1,"1328","0","0",0,"CEU"
"NA12877","NA12877",1,"1463","NA12889","NA12890",0,"CEU"
"NA12275","NA12275",0,"1418","0","0",0,"CEU"
"NA06986","NA06986",1,"13291","0","0",0,"CEU"
"NA12272","NA12272",1,"1418","0","0",0,"CEU"
"NA10845","NA10845",1,"1424","NA11930","NA11931",0,"CEU"
"NA10852","NA10852",0,"1346","NA12045","0",0,"CEU"
"NA07051","NA07051",1,"13292","0","0",0,"CEU"
"NA12400","NA12400",0,"1354","0","0",0,"CEU"
"NA12344","NA12344",1,"13281","NA12347","NA12348",0,"CEU"
"NA12777","NA12777",1,"1451","0","0",0,"CEU"
"NA12287","NA12287",0,"1421","0","0",0,"CEU"
"NA10837","NA10837",1,"1418","NA12272","NA12273",0,"CEU"
"NA12383","NA12383",0,"1353","0","0",0,"CEU"
"NA12340","NA12340",1,"1330","0","0",0,"CEU"
"NA12708","NA12708",0,"1358","0","NA12718",0,"CEU"
"NA12273","NA12273",0,"1418","0","0",0,"CEU"
"NA11892","NA11892",0,"1377","0","0",0,"CEU"
"NA12546","NA12546",1,"1353","0","0",0,"CEU"
"NA12843","NA12843",0,"1458","0","0",0,"CEU"
"NA12766","NA12766",1,"1451","NA12775","NA12776",0,"CEU"
"NA12348","NA12348",0,"13281","0","0",0,"CEU"
"NA12817","NA12817",1,"1456","NA12827","NA12828",0,"CEU"
"NA10840","NA10840",0,"1421","NA12286","NA12287",0,"CEU"
"NA06997","NA06997",0,"13291","NA06986","NA07045",0,"CEU"
"NA11917","NA11917",1,"1423","0","0",0,"CEU"
"NA12718","NA12718",0,"1358","0","0",0,"CEU"
"NA12282","NA12282",1,"1421","0","0",0,"CEU"
"NA11920","NA11920",0,"1423","0","0",0,"CEU"
"NA12776","NA12776",0,"1451","0","0",0,"CEU"
"NA12283","NA12283",0,"1421","0","0",0,"CEU"
"NA07435","NA07435",1,"13291","0","0",0,"CEU"
"NA12828","NA12828",0,"1456","0","0",0,"CEU"
"NA07045","NA07045",0,"13291","0","0",0,"CEU"
"NA07031","NA07031",0,"13292","0","0",0,"CEU"
"NA12336","NA12336",0,"1330","NA12342","NA12343",0,"CEU"
"NA07349","NA07349",1,"1345","NA07347","NA07346",0,"CEU"
"NA12827","NA12827",1,"1456","0","0",0,"CEU"
"NA12375","NA12375",1,"1353","0","NA12383",0,"CEU"
"NA12343","NA12343",0,"1330","0","0",0,"CEU"
"NA12335","NA12335",1,"1330","NA12340","NA12341",0,"CEU"
"NA12778","NA12778",0,"1451","0","0",0,"CEU"
"NA12832","NA12832",0,"1458","NA12842","NA12843",0,"CEU"
"NA11930","NA11930",1,"1424","0","0",0,"CEU"
"NA12890","NA12890",0,"1463","0","0",0,"CEU"
"NA07037","NA07037",0,"13291","0","0",0,"CEU"
"NA07347","NA07347",1,"1345","0","0",0,"CEU"
"NA12829","NA12829",1,"1456","0","0",0,"CEU"
"NA12749","NA12749",0,"1444","0","0",0,"CEU"
"NA11894","NA11894",0,"1377","0","0",0,"CEU"
"NA12286","NA12286",1,"1421","0","0",0,"CEU"
"NA10865","NA10865",1,"1377","NA11891","NA11892",0,"CEU"
"NA10864","NA10864",0,"1377","NA11893","NA11894",0,"CEU"
"NA10853","NA10853",1,"1349","NA11843","0",0,"CEU"
"NA11918","NA11918",0,"1423","0","0",0,"CEU"
"NA12830","NA12830",0,"1456","0","0",0,"CEU"
"NA12818","NA12818",0,"1456","NA12829","NA12830",0,"CEU"
"NA10836","NA10836",0,"1418","NA12274","NA12275",0,"CEU"
"NA11893","NA11893",1,"1377","0","0",0,"CEU"
"NA11919","NA11919",1,"1423","0","0",0,"CEU"
"NA12489","NA12489",0,"1353","0","0",0,"CEU"
"NA12399","NA12399",1,"1354","0","0",0,"CEU"
"NA12413","NA12413",1,"1355","0","0",0,"CEU"
"NA10843","NA10843",0,"1423","NA11919","NA11920",0,"CEU"
"NA12842","NA12842",1,"1458","0","0",0,"CEU"
"NA12347","NA12347",1,"13281","0","0",0,"CEU"
"NA07346","NA07346",0,"1345","0","0",0,"CEU"
"NA12775","NA12775",1,"1451","0","0",0,"CEU"
"NA07014","NA07014",0,"13292","NA07051","NA07031",0,"CEU"
"NA12767","NA12767",0,"1451","NA12777","NA12778",0,"CEU"
"NA12889","NA12889",1,"1463","0","0",0,"CEU"
"NA12386","NA12386",0,"1354","NA12399","NA12400",0,"CEU"
"NA06995","NA06995",1,"13291","NA07435","NA07037",0,"CEU"
"NA12376","NA12376",0,"1353","NA12546","NA12489",0,"CEU"
"NA12342","NA12342",1,"1330","0","0",0,"CEU"
"NA12748","NA12748",1,"1444","0","0",0,"CEU"
"NA11931","NA11931",0,"1424","0","0",0,"CEU"
"NA12045","NA12045",1,"1346","0","0",0,"CEU"
"NA12750","NA12750",1,"1444","0","0",0,"CEU"
"NA11831","NA11831",1,"1350","0","0",0,"CEU"
"NA12146","NA12146",1,"1334","0","0",0,"CEU"
"NA11882","NA11882",0,"1347","0","0",0,"CEU"
"NA07056","NA07056",0,"1340","0","0",0,"CEU"
"NA12707","NA12707",1,"1358","NA12716","NA12717",0,"CEU"
"NA12154","NA12154",1,"1408","0","0",0,"CEU"
"NA12753","NA12753",0,"1447","NA12762","NA12763",0,"CEU"
"NA11839","NA11839",1,"1349","0","0",0,"CEU"
"NA10859","NA10859",0,"1347","NA11881","NA11882",0,"CEU"
"NA12875","NA12875",0,"1459","0","0",0,"CEU"
"NA07348","NA07348",0,"1345","NA07357","NA07345",0,"CEU"
"NA12156","NA12156",0,"1408","0","0",0,"CEU"
"NA12044","NA12044",0,"1346","0","0",0,"CEU"
"NA11992","NA11992",1,"1362","0","0",0,"CEU"
"NA11829","NA11829",1,"1350","0","0",0,"CEU"
"NA12239","NA12239",0,"1334","0","0",0,"CEU"
"NA12762","NA12762",1,"1447","0","0",0,"CEU"
"NA12716","NA12716",1,"1358","0","0",0,"CEU"
"NA12878","NA12878",0,"1463","NA12891","NA12892",0,"CEU"
"NA10856","NA10856",1,"1350","NA11829","NA11830",0,"CEU"
"NA12874","NA12874",1,"1459","0","0",0,"CEU"
"NA12760","NA12760",1,"1447","0","0",0,"CEU"
"NA06985","NA06985",0,"1341","0","0",0,"CEU"
"NA12003","NA12003",1,"1420","0","0",0,"CEU"
"NA10835","NA10835",1,"1416","NA12248","NA12249",0,"CEU"
"NA07022","NA07022",1,"1340","0","0",0,"CEU"
"NA12813","NA12813",0,"1454","0","0",0,"CEU"
"NA10839","NA10839",0,"1420","NA12005","NA12006",0,"CEU"
"NA07055","NA07055",0,"1341","0","0",0,"CEU"
"NA12056","NA12056",1,"1344","0","0",0,"CEU"
"NA10863","NA10863",0,"1375","NA12264","NA12234",0,"CEU"
"NA12145","NA12145",0,"1334","0","0",0,"CEU"
"NA12814","NA12814",1,"1454","0","0",0,"CEU"
"NA10847","NA10847",0,"1334","NA12146","NA12239",0,"CEU"
"NA12006","NA12006",0,"1420","0","0",0,"CEU"
"NA12763","NA12763",0,"1447","0","0",0,"CEU"
"NA07357","NA07357",1,"1345","0","0",0,"CEU"
"NA12144","NA12144",1,"1334","0","0",0,"CEU"
"NA10831","NA10831",0,"1408","NA12155","NA12156",0,"CEU"
"NA07000","NA07000",0,"1340","0","0",0,"CEU"
"NA11832","NA11832",0,"1350","0","0",0,"CEU"
"NA06991","NA06991",0,"1341","NA06993","NA06985",0,"CEU"
"NA11840","NA11840",0,"1349","0","0",0,"CEU"
"NA12802","NA12802",0,"1454","NA12814","NA12815",0,"CEU"
"NA12761","NA12761",0,"1447","0","0",0,"CEU"
"NA10830","NA10830",1,"1408","NA12154","NA12236",0,"CEU"
"NA10855","NA10855",0,"1350","NA11831","NA11832",0,"CEU"
"NA06994","NA06994",1,"1340","0","0",0,"CEU"
"NA11993","NA11993",0,"1362","0","0",0,"CEU"
"NA11995","NA11995",0,"1362","0","0",0,"CEU"
"NA12891","NA12891",1,"1463","0","0",0,"CEU"
"NA12864","NA12864",1,"1459","NA12872","NA12873",0,"CEU"
"NA12751","NA12751",0,"1444","0","0",0,"CEU"
"NA10861","NA10861",0,"1362","NA11994","NA11995",0,"CEU"
"NA12005","NA12005",1,"1420","0","0",0,"CEU"
"NA12234","NA12234",0,"1375","0","0",0,"CEU"
"NA07345","NA07345",0,"1345","0","0",0,"CEU"
"NA07029","NA07029",1,"1340","NA06994","NA07000",0,"CEU"
"NA12892","NA12892",0,"1463","0","0",0,"CEU"
"NA12248","NA12248",1,"1416","0","0",0,"CEU"
"NA10846","NA10846",1,"1334","NA12144","NA12145",0,"CEU"
"NA12801","NA12801",1,"1454","NA12812","NA12813",0,"CEU"
"NA12872","NA12872",1,"1459","0","0",0,"CEU"
"NA12155","NA12155",1,"1408","0","0",0,"CEU"
"NA06993","NA06993",1,"1341","0","0",0,"CEU"
"NA11830","NA11830",0,"1350","0","0",0,"CEU"
"NA10838","NA10838",1,"1420","NA12003","NA12004",0,"CEU"
"NA12249","NA12249",0,"1416","0","0",0,"CEU"
"NA12057","NA12057",0,"1344","0","0",0,"CEU"
"NA12812","NA12812",1,"1454","0","0",0,"CEU"
"NA11881","NA11881",1,"1347","0","0",0,"CEU"
"NA11994","NA11994",1,"1362","0","0",0,"CEU"
"NA12873","NA12873",0,"1459","0","0",0,"CEU"
"NA12815","NA12815",0,"1454","0","0",0,"CEU"
"NA12740","NA12740",0,"1444","NA12750","NA12751",0,"CEU"
"NA12752","NA12752",1,"1447","NA12760","NA12761",0,"CEU"
"NA12043","NA12043",1,"1346","0","0",0,"CEU"
"NA12264","NA12264",1,"1375","0","0",0,"CEU"
"NA10854","NA10854",0,"1349","NA11839","NA11840",0,"CEU"
"NA12865","NA12865",0,"1459","NA12874","NA12875",0,"CEU"
"NA18597","NA18597",0,"NA18597","0","0",0,"CHB"
"NA18615","NA18615",0,"NA18615","0","0",0,"CHB"
"NA18557","NA18557",1,"NA18557","0","0",0,"CHB"
"NA18628","NA18628",0,"NA18628","0","0",0,"CHB"
"NA18745","NA18745",1,"NA18745","0","0",0,"CHB"
"NA18640","NA18640",0,"NA18640","0","0",0,"CHB"
"NA18747","NA18747",1,"NA18747","0","0",0,"CHB"
"NA18596","NA18596",0,"NA18596","0","0",0,"CHB"
"NA18536","NA18536",1,"NA18536","0","0",0,"CHB"
"NA18599","NA18599",0,"NA18599","0","0",0,"CHB"
"NA18544","NA18544",1,"NA18544","0","0",0,"CHB"
"NA18602","NA18602",0,"NA18602","0","0",0,"CHB"
"NA18614","NA18614",0,"NA18614","0","0",0,"CHB"
"NA18548","NA18548",1,"NA18548","0","0",0,"CHB"
"NA18616","NA18616",0,"NA18616","0","0",0,"CHB"
"NA18559","NA18559",1,"NA18559","0","0",0,"CHB"
"NA18619","NA18619",0,"NA18619","0","0",0,"CHB"
"NA18638","NA18638",1,"NA18638","0","0",0,"CHB"
"NA18639","NA18639",1,"NA18639","0","0",0,"CHB"
"NA18627","NA18627",0,"NA18627","0","0",0,"CHB"
"NA18631","NA18631",0,"NA18631","0","0",0,"CHB"
"NA18634","NA18634",0,"NA18634","0","0",0,"CHB"
"NA18642","NA18642",0,"NA18642","0","0",0,"CHB"
"NA18626","NA18626",0,"NA18626","0","0",0,"CHB"
"NA18543","NA18543",1,"NA18543","0","0",0,"CHB"
"NA18610","NA18610",0,"NA18610","0","0",0,"CHB"
"NA18617","NA18617",0,"NA18617","0","0",0,"CHB"
"NA18613","NA18613",1,"NA18613","0","0",0,"CHB"
"NA18647","NA18647",1,"NA18647","0","0",0,"CHB"
"NA18630","NA18630",0,"NA18630","0","0",0,"CHB"
"NA18641","NA18641",0,"NA18641","0","0",0,"CHB"
"NA18748","NA18748",1,"NA18748","0","0",0,"CHB"
"NA18749","NA18749",1,"NA18749","0","0",0,"CHB"
"NA18757","NA18757",1,"NA18757","0","0",0,"CHB"
"NA18546","NA18546",1,"NA18546","0","0",0,"CHB"
"NA18643","NA18643",1,"NA18643","0","0",0,"CHB"
"NA18645","NA18645",1,"NA18645","0","0",0,"CHB"
"NA18534","NA18534",1,"NA18534","0","0",0,"CHB"
"NA18595","NA18595",0,"NA18595","0","0",0,"CHB"
"NA18618","NA18618",0,"NA18618","0","0",0,"CHB"
"NA18740","NA18740",1,"NA18740","0","0",0,"CHB"
"NA18524","NA18524",1,"NA18524","0","0",0,"CHB"
"NA18635","NA18635",1,"NA18635","0","0",0,"CHB"
"NA18537","NA18537",0,"NA18537","0","0",0,"CHB"
"NA18572","NA18572",1,"NA18572","0","0",0,"CHB"
"NA18592","NA18592",0,"NA18592","0","0",0,"CHB"
"NA18526","NA18526",0,"NA18526","0","0",0,"CHB"
"NA18529","NA18529",0,"NA18529","0","0",0,"CHB"
"NA18558","NA18558",1,"NA18558","0","0",0,"CHB"
"NA18562","NA18562",1,"NA18562","0","0",0,"CHB"
"NA18545","NA18545",0,"NA18545","0","0",0,"CHB"
"NA18609","NA18609",1,"NA18609","0","0",0,"CHB"
"NA18552","NA18552",0,"NA18552","0","0",0,"CHB"
"NA18611","NA18611",1,"NA18611","0","0",0,"CHB"
"NA18555","NA18555",0,"NA18555","0","0",0,"CHB"
"NA18566","NA18566",0,"NA18566","0","0",0,"CHB"
"NA18563","NA18563",1,"NA18563","0","0",0,"CHB"
"NA18570","NA18570",0,"NA18570","0","0",0,"CHB"
"NA18612","NA18612",1,"NA18612","0","0",0,"CHB"
"NA18621","NA18621",1,"NA18621","0","0",0,"CHB"
"NA18622","NA18622",1,"NA18622","0","0",0,"CHB"
"NA18573","NA18573",0,"NA18573","0","0",0,"CHB"
"NA18577","NA18577",0,"NA18577","0","0",0,"CHB"
"NA18579","NA18579",0,"NA18579","0","0",0,"CHB"
"NA18632","NA18632",1,"NA18632","0","0",0,"CHB"
"NA18636","NA18636",1,"NA18636","0","0",0,"CHB"
"NA18593","NA18593",0,"NA18593","0","0",0,"CHB"
"NA18603","NA18603",1,"NA18603","0","0",0,"CHB"
"NA18624","NA18624",1,"NA18624","0","0",0,"CHB"
"NA18550","NA18550",0,"NA18550","0","0",0,"CHB"
"NA18605","NA18605",1,"NA18605","0","0",0,"CHB"
"NA18542","NA18542",0,"NA18542","0","0",0,"CHB"
"NA18532","NA18532",0,"NA18532","0","0",0,"CHB"
"NA18561","NA18561",1,"NA18561","0","0",0,"CHB"
"NA18608","NA18608",1,"NA18608","0","0",0,"CHB"
"NA18564","NA18564",0,"NA18564","0","0",0,"CHB"
"NA18571","NA18571",0,"NA18571","0","0",0,"CHB"
"NA18620","NA18620",1,"NA18620","0","0",0,"CHB"
"NA18623","NA18623",1,"NA18623","0","0",0,"CHB"
"NA18576","NA18576",0,"NA18576","0","0",0,"CHB"
"NA18582","NA18582",0,"NA18582","0","0",0,"CHB"
"NA18633","NA18633",1,"NA18633","0","0",0,"CHB"
"NA18637","NA18637",1,"NA18637","0","0",0,"CHB"
"NA18594","NA18594",0,"NA18594","0","0",0,"CHB"
"NA17970","NA17970",0,"NA17970","0","0",0,"CHD"
"NA17977","NA17977",0,"NA17977","0","0",0,"CHD"
"NA17981","NA17981",0,"NA17981","0","0",0,"CHD"
"NA17993","NA17993",0,"NA17993","0","0",0,"CHD"
"NA18101","NA18101",0,"NA18101","0","0",0,"CHD"
"NA18105","NA18105",0,"NA18105","0","0",0,"CHD"
"NA18109","NA18109",0,"NA18109","0","0",0,"CHD"
"NA18129","NA18129",0,"NA18129","0","0",0,"CHD"
"NA18135","NA18135",0,"NA18135","0","0",0,"CHD"
"NA18139","NA18139",0,"NA18139","0","0",0,"CHD"
"NA18144","NA18144",0,"NA18144","0","0",0,"CHD"
"NA18150","NA18150",0,"NA18150","0","0",0,"CHD"
"NA18154","NA18154",0,"NA18154","0","0",0,"CHD"
"NA18162","NA18162",0,"NA18162","0","0",0,"CHD"
"NA17974","NA17974",1,"NA17974","0","0",0,"CHD"
"NA17975","NA17975",1,"NA17975","0","0",0,"CHD"
"NA17980","NA17980",1,"NA17980","0","0",0,"CHD"
"NA17986","NA17986",1,"NA17986","0","0",0,"CHD"
"NA17989","NA17989",1,"NA17989","0","0",0,"CHD"
"NA17997","NA17997",1,"NA17997","0","0",0,"CHD"
"NA18106","NA18106",1,"NA18106","0","0",0,"CHD"
"NA18114","NA18114",1,"NA18114","0","0",0,"CHD"
"NA18122","NA18122",1,"NA18122","0","0",0,"CHD"
"NA18138","NA18138",1,"NA18138","0","0",0,"CHD"
"NA18149","NA18149",1,"NA18149","0","0",0,"CHD"
"NA17987","NA17987",0,"NA17987","0","0",0,"CHD"
"NA17988","NA17988",0,"NA17988","0","0",0,"CHD"
"NA17998","NA17998",0,"NA17998","0","0",0,"CHD"
"NA18107","NA18107",0,"NA18107","0","0",0,"CHD"
"NA18108","NA18108",0,"NA18108","0","0",0,"CHD"
"NA18128","NA18128",0,"NA18128","0","0",0,"CHD"
"NA18146","NA18146",0,"NA18146","0","0",0,"CHD"
"NA18148","NA18148",0,"NA18148","0","0",0,"CHD"
"NA18161","NA18161",0,"NA18161","0","0",0,"CHD"
"NA18670","NA18670",0,"NA18670","0","0",0,"CHD"
"NA18694","NA18694",0,"NA18694","0","0",0,"CHD"
"NA18696","NA18696",0,"NA18696","0","0",0,"CHD"
"NA17965","NA17965",1,"NA17965","0","0",0,"CHD"
"NA17967","NA17967",1,"NA17967","0","0",0,"CHD"
"NA17969","NA17969",1,"NA17969","0","0",0,"CHD"
"NA17983","NA17983",1,"NA17983","0","0",0,"CHD"
"NA18117","NA18117",1,"NA18117","0","0",0,"CHD"
"NA18120","NA18120",1,"NA18120","0","0",0,"CHD"
"NA18124","NA18124",1,"NA18124","0","0",0,"CHD"
"NA18125","NA18125",1,"NA18125","0","0",0,"CHD"
"NA18127","NA18127",1,"NA18127","0","0",0,"CHD"
"NA18132","NA18132",1,"NA18132","0","0",0,"CHD"
"NA18141","NA18141",1,"NA18141","0","0",0,"CHD"
"NA18143","NA18143",1,"NA18143","0","0",0,"CHD"
"NA18147","NA18147",1,"NA18147","0","0",0,"CHD"
"NA18155","NA18155",1,"NA18155","0","0",0,"CHD"
"NA18158","NA18158",1,"NA18158","0","0",0,"CHD"
"NA18674","NA18674",1,"NA18674","0","0",0,"CHD"
"NA17982","NA17982",0,"NA17982","0","0",0,"CHD"
"NA17990","NA17990",0,"NA17990","0","0",0,"CHD"
"NA18112","NA18112",0,"NA18112","0","0",0,"CHD"
"NA18118","NA18118",0,"NA18118","0","0",0,"CHD"
"NA18151","NA18151",0,"NA18151","0","0",0,"CHD"
"NA18153","NA18153",0,"NA18153","0","0",0,"CHD"
"NA18702","NA18702",0,"NA18702","0","0",0,"CHD"
"NA18704","NA18704",0,"NA18704","0","0",0,"CHD"
"NA17976","NA17976",1,"NA17976","0","0",0,"CHD"
"NA17979","NA17979",1,"NA17979","0","0",0,"CHD"
"NA18156","NA18156",1,"NA18156","0","0",0,"CHD"
"NA18152","NA18152",1,"NA18152","0","0",0,"CHD"
"NA18160","NA18160",1,"NA18160","0","0",0,"CHD"
"NA18682","NA18682",1,"NA18682","0","0",0,"CHD"
"NA18689","NA18689",1,"NA18689","0","0",0,"CHD"
"NA18685","NA18685",1,"NA18685","0","0",0,"CHD"
"NA17962","NA17962",0,"NA17962","0","0",0,"CHD"
"NA17966","NA17966",0,"NA17966","0","0",0,"CHD"
"NA17999","NA17999",1,"NA17999","0","0",0,"CHD"
"NA17968","NA17968",0,"NA17968","0","0",0,"CHD"
"NA17995","NA17995",0,"NA17995","0","0",0,"CHD"
"NA17996","NA17996",0,"NA17996","0","0",0,"CHD"
"NA18131","NA18131",0,"NA18131","0","0",0,"CHD"
"NA18134","NA18134",0,"NA18134","0","0",0,"CHD"
"NA18157","NA18157",0,"NA18157","0","0",0,"CHD"
"NA18159","NA18159",0,"NA18159","0","0",0,"CHD"
"NA17972","NA17972",1,"NA17972","0","0",0,"CHD"
"NA18133","NA18133",1,"NA18133","0","0",0,"CHD"
"NA18166","NA18166",1,"NA18166","0","0",0,"CHD"
"NA18102","NA18102",1,"NA18102","0","0",0,"CHD"
"NA18136","NA18136",1,"NA18136","0","0",0,"CHD"
"NA18140","NA18140",0,"NA18140","0","0",0,"CHD"
"NA20847","NA20847",0,"NA20847","0","0",0,"GIH"
"NA20849","NA20849",0,"NA20849","0","0",0,"GIH"
"NA20851","NA20851",0,"NA20851","0","0",0,"GIH"
"NA20853","NA20853",0,"NA20853","0","0",0,"GIH"
"NA20906","NA20906",0,"NA20906","0","0",0,"GIH"
"NA20866","NA20866",1,"NA20866","0","0",0,"GIH"
"NA21104","NA21104",1,"NA21104","0","0",0,"GIH"
"NA20907","NA20907",0,"NA20907","0","0",0,"GIH"
"NA20908","NA20908",0,"NA20908","0","0",0,"GIH"
"NA21086","NA21086",0,"NA21086","0","0",0,"GIH"
"NA21101","NA21101",0,"NA21101","0","0",0,"GIH"
"NA21106","NA21106",0,"NA21106","0","0",0,"GIH"
"NA21125","NA21125",0,"NA21125","0","0",0,"GIH"
"NA21137","NA21137",0,"NA21137","0","0",0,"GIH"
"NA21141","NA21141",0,"NA21141","0","0",0,"GIH"
"NA21142","NA21142",0,"NA21142","0","0",0,"GIH"
"NA20883","NA20883",1,"NA20883","0","0",0,"GIH"
"NA20891","NA20891",1,"NA20891","0","0",0,"GIH"
"NA20901","NA20901",1,"NA20901","0","0",0,"GIH"
"NA21090","NA21090",1,"NA21090","0","0",0,"GIH"
"NA21092","NA21092",1,"NA21092","0","0",0,"GIH"
"NA21094","NA21094",1,"NA21094","0","0",0,"GIH"
"NA21098","NA21098",1,"NA21098","0","0",0,"GIH"
"NA21100","NA21100",1,"NA21100","0","0",0,"GIH"
"NA21105","NA21105",1,"NA21105","0","0",0,"GIH"
"NA21107","NA21107",1,"NA21107","0","0",0,"GIH"
"NA21109","NA21109",1,"NA21109","0","0",0,"GIH"
"NA20888","NA20888",0,"NA20888","0","0",0,"GIH"
"NA20892","NA20892",0,"NA20892","0","0",0,"GIH"
"NA20900","NA20900",0,"NA20900","0","0",0,"GIH"
"NA20910","NA20910",0,"NA20910","0","0",0,"GIH"
"NA21088","NA21088",0,"NA21088","0","0",0,"GIH"
"NA21089","NA21089",0,"NA21089","0","0",0,"GIH"
"NA21102","NA21102",0,"NA21102","0","0",0,"GIH"
"NA20845","NA20845",1,"NA20845","0","0",0,"GIH"
"NA20850","NA20850",1,"NA20850","0","0",0,"GIH"
"NA20852","NA20852",1,"NA20852","0","0",0,"GIH"
"NA20858","NA20858",1,"NA20858","0","0",0,"GIH"
"NA20870","NA20870",1,"NA20870","0","0",0,"GIH"
"NA20889","NA20889",1,"NA20889","0","0",0,"GIH"
"NA20897","NA20897",1,"NA20897","0","0",0,"GIH"
"NA20904","NA20904",1,"NA20904","0","0",0,"GIH"
"NA20911","NA20911",1,"NA20911","0","0",0,"GIH"
"NA21099","NA21099",1,"NA21099","0","0",0,"GIH"
"NA21112","NA21112",1,"NA21112","0","0",0,"GIH"
"NA21116","NA21116",1,"NA21116","0","0",0,"GIH"
"NA20862","NA20862",0,"NA20862","0","0",0,"GIH"
"NA21143","NA21143",0,"NA21143","0","0",0,"GIH"
"NA21144","NA21144",0,"NA21144","0","0",0,"GIH"
"NA20871","NA20871",1,"NA20871","0","0",0,"GIH"
"NA20887","NA20887",1,"NA20887","0","0",0,"GIH"
"NA20890","NA20890",1,"NA20890","0","0",0,"GIH"
"NA20898","NA20898",1,"NA20898","0","0",0,"GIH"
"NA20903","NA20903",1,"NA20903","0","0",0,"GIH"
"NA20909","NA20909",1,"NA20909","0","0",0,"GIH"
"NA21113","NA21113",1,"NA21113","0","0",0,"GIH"
"NA21115","NA21115",1,"NA21115","0","0",0,"GIH"
"NA21118","NA21118",1,"NA21118","0","0",0,"GIH"
"NA21119","NA21119",1,"NA21119","0","0",0,"GIH"
"NA21123","NA21123",1,"NA21123","0","0",0,"GIH"
"NA21097","NA21097",0,"NA21097","0","0",0,"GIH"
"NA20882","NA20882",0,"NA20882","0","0",0,"GIH"
"NA20894","NA20894",0,"NA20894","0","0",0,"GIH"
"NA20896","NA20896",0,"NA20896","0","0",0,"GIH"
"NA20902","NA20902",0,"NA20902","0","0",0,"GIH"
"NA20895","NA20895",1,"NA20895","0","0",0,"GIH"
"NA20856","NA20856",0,"NA20856","0","0",0,"GIH"
"NA20869","NA20869",0,"NA20869","0","0",0,"GIH"
"NA20872","NA20872",0,"NA20872","0","0",0,"GIH"
"NA20874","NA20874",0,"NA20874","0","0",0,"GIH"
"NA20854","NA20854",0,"NA20854","0","0",0,"GIH"
"NA20879","NA20879",0,"NA20879","0","0",0,"GIH"
"NA21111","NA21111",1,"NA21111","0","0",0,"GIH"
"NA20846","NA20846",1,"NA20846","0","0",0,"GIH"
"NA20899","NA20899",0,"NA20899","0","0",0,"GIH"
"NA21108","NA21108",0,"NA21108","0","0",0,"GIH"
"NA20861","NA20861",1,"NA20861","0","0",0,"GIH"
"NA20873","NA20873",1,"NA20873","0","0",0,"GIH"
"NA20884","NA20884",1,"NA20884","0","0",0,"GIH"
"NA21091","NA21091",1,"NA21091","0","0",0,"GIH"
"NA20875","NA20875",0,"NA20875","0","0",0,"GIH"
"NA20876","NA20876",0,"NA20876","0","0",0,"GIH"
"NA20877","NA20877",0,"NA20877","0","0",0,"GIH"
"NA21103","NA21103",0,"NA21103","0","0",0,"GIH"
"NA20885","NA20885",1,"NA20885","0","0",0,"GIH"
"NA21117","NA21117",1,"NA21117","0","0",0,"GIH"
"NA20859","NA20859",0,"NA20859","0","0",0,"GIH"
"NA20881","NA20881",0,"NA20881","0","0",0,"GIH"
"NA18946","NA18946",0,"NA18946","0","0",0,"JPT"
"NA18979","NA18979",0,"NA18979","0","0",0,"JPT"
"NA19058","NA19058",1,"NA19058","0","0",0,"JPT"
"NA18993","NA18993",0,"NA18993","0","0",0,"JPT"
"NA19060","NA19060",1,"NA19060","0","0",0,"JPT"
"NA19062","NA19062",1,"NA19062","0","0",0,"JPT"
"NA18955","NA18955",1,"NA18955","0","0",0,"JPT"
"NA18962","NA18962",1,"NA18962","0","0",0,"JPT"
"NA18977","NA18977",1,"NA18977","0","0",0,"JPT"
"NA18954","NA18954",0,"NA18954","0","0",0,"JPT"
"NA19066","NA19066",1,"NA19066","0","0",0,"JPT"
"NA19010","NA19010",0,"NA19010","0","0",0,"JPT"
"NA19054","NA19054",0,"NA19054","0","0",0,"JPT"
"NA19064","NA19064",0,"NA19064","0","0",0,"JPT"
"NA19072","NA19072",1,"NA19072","0","0",0,"JPT"
"NA19075","NA19075",1,"NA19075","0","0",0,"JPT"
"NA19065","NA19065",0,"NA19065","0","0",0,"JPT"
"NA19074","NA19074",0,"NA19074","0","0",0,"JPT"
"NA19076","NA19076",1,"NA19076","0","0",0,"JPT"
"NA19063","NA19063",1,"NA19063","0","0",0,"JPT"
"NA19002","NA19002",0,"NA19002","0","0",0,"JPT"
"NA19067","NA19067",1,"NA19067","0","0",0,"JPT"
"NA19057","NA19057",0,"NA19057","0","0",0,"JPT"
"NA19068","NA19068",1,"NA19068","0","0",0,"JPT"
"NA19059","NA19059",0,"NA19059","0","0",0,"JPT"
"NA19070","NA19070",1,"NA19070","0","0",0,"JPT"
"NA19077","NA19077",0,"NA19077","0","0",0,"JPT"
"NA19078","NA19078",0,"NA19078","0","0",0,"JPT"
"NA19079","NA19079",1,"NA19079","0","0",0,"JPT"
"NA19080","NA19080",0,"NA19080","0","0",0,"JPT"
"NA19081","NA19081",0,"NA19081","0","0",0,"JPT"
"NA19083","NA19083",1,"NA19083","0","0",0,"JPT"
"NA19085","NA19085",1,"NA19085","0","0",0,"JPT"
"NA19084","NA19084",0,"NA19084","0","0",0,"JPT"
"NA19086","NA19086",1,"NA19086","0","0",0,"JPT"
"NA18939","NA18939",0,"NA18939","0","0",0,"JPT"
"NA19088","NA19088",1,"NA19088","0","0",0,"JPT"
"NA19087","NA19087",0,"NA19087","0","0",0,"JPT"
"NA19055","NA19055",1,"NA19055","0","0",0,"JPT"
"NA18957","NA18957",0,"NA18957","0","0",0,"JPT"
"NA18963","NA18963",0,"NA18963","0","0",0,"JPT"
"NA19001","NA19001",0,"NA19001","0","0",0,"JPT"
"NA19009","NA19009",1,"NA19009","0","0",0,"JPT"
"NA19056","NA19056",1,"NA19056","0","0",0,"JPT"
"NA18942","NA18942",0,"NA18942","0","0",0,"JPT"
"NA18949","NA18949",0,"NA18949","0","0",0,"JPT"
"NA18970","NA18970",1,"NA18970","0","0",0,"JPT"
"NA18945","NA18945",1,"NA18945","0","0",0,"JPT"
"NA18940","NA18940",1,"NA18940","0","0",0,"JPT"
"NA18964","NA18964",0,"NA18964","0","0",0,"JPT"
"NA18953","NA18953",1,"NA18953","0","0",0,"JPT"
"NA18961","NA18961",1,"NA18961","0","0",0,"JPT"
"NA18972","NA18972",0,"NA18972","0","0",0,"JPT"
"NA18967","NA18967",1,"NA18967","0","0",0,"JPT"
"NA18976","NA18976",0,"NA18976","0","0",0,"JPT"
"NA18981","NA18981",0,"NA18981","0","0",0,"JPT"
"NA18971","NA18971",1,"NA18971","0","0",0,"JPT"
"NA18994","NA18994",1,"NA18994","0","0",0,"JPT"
"NA18998","NA18998",0,"NA18998","0","0",0,"JPT"
"NA19000","NA19000",1,"NA19000","0","0",0,"JPT"
"NA18943","NA18943",1,"NA18943","0","0",0,"JPT"
"NA18947","NA18947",0,"NA18947","0","0",0,"JPT"
"NA18944","NA18944",1,"NA18944","0","0",0,"JPT"
"NA18948","NA18948",1,"NA18948","0","0",0,"JPT"
"NA18951","NA18951",0,"NA18951","0","0",0,"JPT"
"NA18952","NA18952",1,"NA18952","0","0",0,"JPT"
"NA18956","NA18956",0,"NA18956","0","0",0,"JPT"
"NA18968","NA18968",0,"NA18968","0","0",0,"JPT"
"NA18959","NA18959",1,"NA18959","0","0",0,"JPT"
"NA18969","NA18969",0,"NA18969","0","0",0,"JPT"
"NA18960","NA18960",1,"NA18960","0","0",0,"JPT"
"NA18965","NA18965",1,"NA18965","0","0",0,"JPT"
"NA18973","NA18973",0,"NA18973","0","0",0,"JPT"
"NA18966","NA18966",1,"NA18966","0","0",0,"JPT"
"NA18975","NA18975",0,"NA18975","0","0",0,"JPT"
"NA18978","NA18978",0,"NA18978","0","0",0,"JPT"
"NA18980","NA18980",0,"NA18980","0","0",0,"JPT"
"NA18974","NA18974",1,"NA18974","0","0",0,"JPT"
"NA18987","NA18987",0,"NA18987","0","0",0,"JPT"
"NA18990","NA18990",1,"NA18990","0","0",0,"JPT"
"NA18991","NA18991",0,"NA18991","0","0",0,"JPT"
"NA18995","NA18995",1,"NA18995","0","0",0,"JPT"
"NA18997","NA18997",0,"NA18997","0","0",0,"JPT"
"NA19005","NA19005",1,"NA19005","0","0",0,"JPT"
"NA18999","NA18999",0,"NA18999","0","0",0,"JPT"
"NA19007","NA19007",1,"NA19007","0","0",0,"JPT"
"NA19028","NA19028",1,"NA19028","0","0",0,"LWK"
"NA19031","NA19031",1,"NA19031","0","0",0,"LWK"
"NA19035","NA19035",1,"NA19035","0","0",0,"LWK"
"NA19027","NA19027",1,"NA19027","0","0",0,"LWK"
"NA19041","NA19041",1,"NA19041","0","0",0,"LWK"
"NA19046","NA19046",1,"NA19046","0","0",0,"LWK"
"NA19308","NA19308",1,"NA19308","0","0",0,"LWK"
"NA19311","NA19311",1,"NA19311","0","0",0,"LWK"
"NA19317","NA19317",1,"NA19317","0","0",0,"LWK"
"NA19376","NA19376",1,"NA19376","0","0",0,"LWK"
"NA19380","NA19380",1,"NA19380","0","0",0,"LWK"
"NA19383","NA19383",1,"NA19383","0","0",0,"LWK"
"NA19393","NA19393",1,"NA19393","0","0",0,"LWK"
"NA19397","NA19397",1,"NA19397","0","0",0,"LWK"
"NA19430","NA19430",1,"NA19430","0","0",0,"LWK"
"NA19466","NA19466",1,"NA19466","0","0",0,"LWK"
"NA19038","NA19038",0,"NA19038","0","0",0,"LWK"
"NA19314","NA19314",0,"NA19314","0","0",0,"LWK"
"NA19315","NA19315",0,"NA19315","0","0",0,"LWK"
"NA19324","NA19324",0,"NA19324","0","0",0,"LWK"
"NA19328","NA19328",0,"NA19328","0","0",0,"LWK"
"NA19377","NA19377",0,"NA19377","0","0",0,"LWK"
"NA19381","NA19381",0,"NA19381","0","0",0,"LWK"
"NA19398","NA19398",0,"NA19398","0","0",0,"LWK"
"NA19403","NA19403",0,"NA19403","0","0",0,"LWK"
"NA19437","NA19437",0,"NA19437","0","0",0,"LWK"
"NA19439","NA19439",0,"NA19439","0","0",0,"LWK"
"NA19440","NA19440",0,"NA19440","0","0",0,"LWK"
"NA19463","NA19463",0,"NA19463","0","0",0,"LWK"
"NA19467","NA19467",0,"NA19467","0","0",0,"LWK"
"NA19470","NA19470",0,"NA19470","0","0",0,"LWK"
"NA19471","NA19471",0,"NA19471","0","0",0,"LWK"
"NA19473","NA19473",0,"NA19473","0","0",0,"LWK"
"NA19307","NA19307",1,"NA19307","0","0",0,"LWK"
"NA19318","NA19318",1,"NA19318","0","0",0,"LWK"
"NA19319","NA19319",1,"NA19319","0","0",0,"LWK"
"NA19334","NA19334",1,"NA19334","0","0",0,"LWK"
"NA19350","NA19350",1,"NA19350","0","0",0,"LWK"
"NA19352","NA19352",1,"NA19352","0","0",0,"LWK"
"NA19359","NA19359",1,"NA19359","0","0",0,"LWK"
"NA19375","NA19375",1,"NA19375","0","0",0,"LWK"
"NA19428","NA19428",1,"NA19428","0","0",0,"LWK"
"NA19429","NA19429",1,"NA19429","0","0",0,"LWK"
"NA19443","NA19443",1,"NA19443","0","0",0,"LWK"
"NA19455","NA19455",1,"NA19455","0","0",0,"LWK"
"NA19313","NA19313",0,"NA19313","0","0",0,"LWK"
"NA19316","NA19316",0,"NA19316","0","0",0,"LWK"
"NA19321","NA19321",0,"NA19321","0","0",0,"LWK"
"NA19332","NA19332",0,"NA19332","0","0",0,"LWK"
"NA19379","NA19379",0,"NA19379","0","0",0,"LWK"
"NA19391","NA19391",0,"NA19391","0","0",0,"LWK"
"NA19396","NA19396",0,"NA19396","0","0",0,"LWK"
"NA19434","NA19434",0,"NA19434","0","0",0,"LWK"
"NA19435","NA19435",0,"NA19435","0","0",0,"LWK"
"NA19436","NA19436",0,"NA19436","0","0",0,"LWK"
"NA19438","NA19438",0,"NA19438","0","0",0,"LWK"
"NA19445","NA19445",0,"NA19445","0","0",0,"LWK"
"NA19446","NA19446",0,"NA19446","0","0",0,"LWK"
"NA19462","NA19462",0,"NA19462","0","0",0,"LWK"
"NA19468","NA19468",0,"NA19468","0","0",0,"LWK"
"NA19469","NA19469",0,"NA19469","0","0",0,"LWK"
"NA19472","NA19472",0,"NA19472","0","0",0,"LWK"
"NA19346","NA19346",1,"NA19346","0","0",0,"LWK"
"NA19347","NA19347",1,"NA19347","0","0",0,"LWK"
"NA19371","NA19371",1,"NA19371","0","0",0,"LWK"
"NA19374","NA19374",1,"NA19374","0","0",0,"LWK"
"NA19382","NA19382",1,"NA19382","0","0",0,"LWK"
"NA19384","NA19384",1,"NA19384","0","0",0,"LWK"
"NA19385","NA19385",1,"NA19385","0","0",0,"LWK"
"NA19444","NA19444",1,"NA19444","0","0",0,"LWK"
"NA19448","NA19448",1,"NA19448","0","0",0,"LWK"
"NA19452","NA19452",1,"NA19452","0","0",0,"LWK"
"NA19327","NA19327",0,"NA19327","0","0",0,"LWK"
"NA19390","NA19390",0,"NA19390","0","0",0,"LWK"
"NA19399","NA19399",0,"NA19399","0","0",0,"LWK"
"NA19404","NA19404",0,"NA19404","0","0",0,"LWK"
"NA19431","NA19431",0,"NA19431","0","0",0,"LWK"
"NA19449","NA19449",0,"NA19449","0","0",0,"LWK"
"NA19456","NA19456",0,"NA19456","0","0",0,"LWK"
"NA19474","NA19474",0,"NA19474","0","0",0,"LWK"
"NA19373","NA19373",1,"NA19373","0","0",0,"LWK"
"NA19036","NA19036",0,"NA19036","0","0",0,"LWK"
"NA19309","NA19309",1,"NA19309","0","0",0,"LWK"
"NA19394","NA19394",1,"NA19394","0","0",0,"LWK"
"NA19451","NA19451",1,"NA19451","0","0",0,"LWK"
"NA19044","NA19044",1,"NA19044","0","0",0,"LWK"
"NA19360","NA19360",1,"NA19360","0","0",0,"LWK"
"NA19310","NA19310",0,"NA19310","0","0",0,"LWK"
"NA19457","NA19457",0,"NA19457","0","0",0,"LWK"
"NA19372","NA19372",1,"NA19372","0","0",0,"LWK"
"NA19663","NA19663",0,"M012","0","0",0,"MEX"
"NA19664","NA19664",1,"M012","0","0",0,"MEX"
"NA19665","NA19665",0,"M012","NA19664","NA19663",0,"MEX"
"NA19722","NA19722",0,"M016","0","0",0,"MEX"
"NA19723","NA19723",1,"M016","0","0",0,"MEX"
"NA19649","NA19649",1,"M001","0","0",0,"MEX"
"NA19669","NA19669",0,"M002","0","0",0,"MEX"
"NA19656","NA19656",0,"M006","NA19655","NA19654",0,"MEX"
"NA19657","NA19657",0,"M007","0","0",0,"MEX"
"NA19658","NA19658",1,"M007","0","0",0,"MEX"
"NA19686","NA19686",0,"M011","NA19685","NA19684",0,"MEX"
"NA19719","NA19719",0,"M015","0","0",0,"MEX"
"NA19720","NA19720",1,"M015","0","0",0,"MEX"
"NA19724","NA19724",1,"M016","NA19723","NA19722",0,"MEX"
"NA19726","NA19726",1,"M017","0","0",0,"MEX"
"NA19747","NA19747",1,"M023","0","0",0,"MEX"
"NA19759","NA19759",1,"M027","0","0",0,"MEX"
"NA19773","NA19773",0,"M033","0","0",0,"MEX"
"NA19780","NA19780",1,"M035","0","0",0,"MEX"
"NA19675","NA19675",0,"M004","0","0",0,"MEX"
"NA19676","NA19676",1,"M004","0","0",0,"MEX"
"NA19677","NA19677",0,"M004","NA19676","NA19675",0,"MEX"
"NA19651","NA19651",0,"M005","0","0",0,"MEX"
"NA19653","NA19653",0,"M005","NA19652","NA19651",0,"MEX"
"NA19683","NA19683",0,"M010","NA19682","NA19681",0,"MEX"
"NA19684","NA19684",0,"M011","0","0",0,"MEX"
"NA19725","NA19725",0,"M017","0","0",0,"MEX"
"NA19727","NA19727",1,"M017","NA19726","NA19725",0,"MEX"
"NA19755","NA19755",0,"M026","0","0",0,"MEX"
"NA19756","NA19756",1,"M026","0","0",0,"MEX"
"NA19757","NA19757",1,"M026","NA19756","NA19755",0,"MEX"
"NA19772","NA19772",1,"M031","NA19771","NA19770",0,"MEX"
"NA19774","NA19774",1,"M033","0","0",0,"MEX"
"NA19775","NA19775",0,"M033","NA19774","NA19773",0,"MEX"
"NA19776","NA19776",0,"M034","0","0",0,"MEX"
"NA19777","NA19777",1,"M034","0","0",0,"MEX"
"NA19778","NA19778",1,"M034","NA19777","NA19776",0,"MEX"
"NA19783","NA19783",1,"M036","0","0",0,"MEX"
"NA19784","NA19784",1,"M036","NA19783","NA19782",0,"MEX"
"NA19796","NA19796",1,"M039","NA19795","NA19794",0,"MEX"
"NA19650","NA19650",1,"M001","NA19649","NA19648",0,"MEX"
"NA19671","NA19671",0,"M002","NA19670","NA19669",0,"MEX"
"NA19661","NA19661",1,"M008","0","0",0,"MEX"
"NA19682","NA19682",1,"M010","0","0",0,"MEX"
"NA19771","NA19771",1,"M031","0","0",0,"MEX"
"NA19779","NA19779",0,"M035","0","0",0,"MEX"
"NA19781","NA19781",0,"M035","NA19780","NA19779",0,"MEX"
"NA19782","NA19782",0,"M036","0","0",0,"MEX"
"NA19788","NA19788",0,"M037","0","0",0,"MEX"
"NA19659","NA19659",0,"M007","NA19658","NA19657",0,"MEX"
"NA19660","NA19660",0,"M008","0","0",0,"MEX"
"NA19662","NA19662",0,"M008","NA19661","NA19660",0,"MEX"
"NA19678","NA19678",0,"M009","0","0",0,"MEX"
"NA19680","NA19680",0,"M009","NA19679","NA19678",0,"MEX"
"NA19681","NA19681",0,"M010","0","0",0,"MEX"
"NA19746","NA19746",0,"M023","0","0",0,"MEX"
"NA19721","NA19721",0,"M015","NA19720","NA19719",0,"MEX"
"NA19748","NA19748",0,"M023","NA19747","NA19746",0,"MEX"
"NA19760","NA19760",0,"M027","NA19759","NA19758",0,"MEX"
"NA19718","NA19718",0,"M014","NA19717","NA19716",0,"MEX"
"NA19790","NA19790",0,"M037","NA19789","NA19788",0,"MEX"
"NA19794","NA19794",0,"M039","0","0",0,"MEX"
"NA19795","NA19795",1,"M039","0","0",0,"MEX"
"NA19654","NA19654",0,"M006","0","0",0,"MEX"
"NA19749","NA19749",0,"M024","0","0",0,"MEX"
"NA19751","NA19751",1,"M024","NA19750","NA19749",0,"MEX"
"NA19761","NA19761",0,"M028","0","0",0,"MEX"
"NA19762","NA19762",1,"M028","0","0",0,"MEX"
"NA19763","NA19763",0,"M028","NA19762","NA19761",0,"MEX"
"NA19770","NA19770",0,"M031","0","0",0,"MEX"
"NA19670","NA19670",1,"M002","0","0",0,"MEX"
"NA19716","NA19716",0,"M014","0","0",0,"MEX"
"NA19750","NA19750",1,"M024","0","0",0,"MEX"
"NA19789","NA19789",1,"M037","0","0",0,"MEX"
"NA19685","NA19685",1,"M011","0","0",0,"MEX"
"NA19679","NA19679",1,"M009","0","0",0,"MEX"
"NA19652","NA19652",1,"M005","0","0",0,"MEX"
"NA21297","NA21297",0,"2561","0","0",0,"MKK"
"NA21379","NA21379",0,"2582","0","0",0,"MKK"
"NA21528","NA21528",1,"2635","0","0",0,"MKK"
"NA21423","NA21423",1,"2596","0","0",0,"MKK"
"NA21634","NA21634",1,"2674","0","0",0,"MKK"
"NA21302","NA21302",0,"2563","NA21301","NA21303",0,"MKK"
"NA21447","NA21447",1,"2602","0","0",0,"MKK"
"NA21513","NA21513",0,"2637","0","0",0,"MKK"
"NA21400","NA21400",0,"2587","0","0",0,"MKK"
"NA21454","NA21454",0,"2608","0","0",0,"MKK"
"NA21480","NA21480",0,"2615","NA21478","NA21479",0,"MKK"
"NA21608","NA21608",1,"2666","NA21614","NA21615",0,"MKK"
"NA21717","NA21717",0,"2699","0","0",0,"MKK"
"NA21476","NA21476",0,"2614","0","0",0,"MKK"
"NA21384","NA21384",1,"2584","0","0",0,"MKK"
"NA21391","NA21391",0,"2586","0","0",0,"MKK"
"NA21716","NA21716",1,"2699","0","0",0,"MKK"
"NA21477","NA21477",1,"2614","NA21475","NA21476",0,"MKK"
"NA21382","NA21382",0,"2583","0","0",0,"MKK"
"NA21686","NA21686",0,"2677","0","0",0,"MKK"
"NA21336","NA21336",0,"2572","0","0",0,"MKK"
"NA21741","NA21741",1,"NA21741","0","0",0,"MKK"
"NA21576","NA21576",0,"2654","0","0",0,"MKK"
"NA21740","NA21740",1,"NA21740","0","0",0,"MKK"
"NA21451","NA21451",0,"2607","0","0",0,"MKK"
"NA21733","NA21733",0,"NA21733","0","0",0,"MKK"
"NA21616","NA21616",1,"2667","0","0",0,"MKK"
"NA21434","NA21434",0,"2600","0","0",0,"MKK"
"NA21784","NA21784",0,"NA21784","0","0",0,"MKK"
"NA21300","NA21300",0,"2562","0","0",0,"MKK"
"NA21435","NA21435",1,"2601","0","0",0,"MKK"
"NA21357","NA21357",0,"2578","0","0",0,"MKK"
"NA21355","NA21355",1,"2577","0","0",0,"MKK"
"NA21578","NA21578",0,"2655","0","0",0,"MKK"
"NA21414","NA21414",1,"2593","0","0",0,"MKK"
"NA21491","NA21491",0,"2620","0","0",0,"MKK"
"NA21405","NA21405",1,"2589","0","0",0,"MKK"
"NA21313","NA21313",1,"2567","NA21312","NA21362",0,"MKK"
"NA21486","NA21486",0,"2618","0","0",0,"MKK"
"NA21453","NA21453",1,"2608","0","0",0,"MKK"
"NA21386","NA21386",0,"2584","NA21384","NA21385",0,"MKK"
"NA21614","NA21614",1,"2666","0","0",0,"MKK"
"NA21390","NA21390",1,"2586","0","0",0,"MKK"
"NA21600","NA21600",0,"2664","0","0",0,"MKK"
"NA21494","NA21494",0,"2621","NA21522","NA21493",0,"MKK"
"NA21522","NA21522",1,"2621","0","0",0,"MKK"
"NA21488","NA21488",1,"2619","0","0",0,"MKK"
"NA21362","NA21362",0,"2567","0","0",0,"MKK"
"NA21401","NA21401",1,"2587","NA21399","NA21400",0,"MKK"
"NA21479","NA21479",0,"2615","0","0",0,"MKK"
"NA21389","NA21389",1,"2585","NA21387","NA21388",0,"MKK"
"NA21650","NA21650",0,"2678","0","0",0,"MKK"
"NA21768","NA21768",0,"NA21768","0","0",0,"MKK"
"NA21582","NA21582",1,"2620","0","0",0,"MKK"
"NA21776","NA21776",0,"NA21776","0","0",0,"MKK"
"NA21575","NA21575",1,"2654","0","0",0,"MKK"
"NA21825","NA21825",0,"NA21825","0","0",0,"MKK"
"NA21719","NA21719",1,"2700","0","0",0,"MKK"
"NA21378","NA21378",1,"2582","0","0",0,"MKK"
"NA21368","NA21368",0,"2580","0","0",0,"MKK"
"NA21573","NA21573",1,"2653","0","0",0,"MKK"
"NA21320","NA21320",0,"2571","0","0",0,"MKK"
"NA21678","NA21678",1,"2689","0","0",0,"MKK"
"NA21682","NA21682",1,"2690","0","0",0,"MKK"
"NA21723","NA21723",0,"2701","0","0",0,"MKK"
"NA21356","NA21356",1,"2578","0","0",0,"MKK"
"NA21685","NA21685",1,"2571","0","0",0,"MKK"
"NA21339","NA21339",0,"2573","0","0",0,"MKK"
"NA21574","NA21574",0,"2653","0","0",0,"MKK"
"NA21826","NA21826",0,"NA21826","0","0",0,"MKK"
"NA21519","NA21519",1,"2613","0","0",0,"MKK"
"NA21611","NA21611",0,"2670","0","0",0,"MKK"
"NA21632","NA21632",0,"2673","0","0",0,"MKK"
"NA21489","NA21489",0,"2619","0","0",0,"MKK"
"NA21490","NA21490",1,"2619","NA21488","NA21489",0,"MKK"
"NA21404","NA21404",0,"2588","NA21402","NA21403",0,"MKK"
"NA21383","NA21383",1,"2583","NA21381","NA21382",0,"MKK"
"NA21526","NA21526",0,"2634","0","0",0,"MKK"
"NA21583","NA21583",1,"2634","0","0",0,"MKK"
"NA21303","NA21303",0,"2563","0","0",0,"MKK"
"NA21440","NA21440",1,"2603","0","0",0,"MKK"
"NA21385","NA21385",0,"2584","0","0",0,"MKK"
"NA21615","NA21615",0,"2666","0","0",0,"MKK"
"NA21455","NA21455",0,"2608","NA21453","NA21454",0,"MKK"
"NA21525","NA21525",1,"2633","NA21523","NA21524",0,"MKK"
"NA21399","NA21399",1,"2587","0","0",0,"MKK"
"NA21388","NA21388",0,"2585","0","0",0,"MKK"
"NA21599","NA21599",1,"2664","0","0",0,"MKK"
"NA21647","NA21647",1,"2677","0","0",0,"MKK"
"NA21312","NA21312",1,"2567","0","0",0,"MKK"
"NA21438","NA21438",0,"2602","0","0",0,"MKK"
"NA21509","NA21509",1,"2636","0","0",0,"MKK"
"NA21473","NA21473",0,"2613","0","0",0,"MKK"
"NA21408","NA21408",1,"2590","0","0",0,"MKK"
"NA21510","NA21510",0,"2636","0","0",0,"MKK"
"NA21352","NA21352",1,"2576","0","0",0,"MKK"
"NA21617","NA21617",0,"2667","0","0",0,"MKK"
"NA21520","NA21520",1,"2629","0","0",0,"MKK"
"NA21418","NA21418",0,"2594","0","0",0,"MKK"
"NA21367","NA21367",1,"2580","0","0",0,"MKK"
"NA21448","NA21448",1,"2606","0","0",0,"MKK"
"NA21683","NA21683",0,"2690","0","0",0,"MKK"
"NA21738","NA21738",1,"NA21738","0","0",0,"MKK"
"NA21739","NA21739",1,"NA21739","0","0",0,"MKK"
"NA21417","NA21417",1,"2594","0","0",0,"MKK"
"NA21415","NA21415",0,"2593","0","0",0,"MKK"
"NA21521","NA21521",1,"2632","0","0",0,"MKK"
"NA21523","NA21523",1,"2633","0","0",0,"MKK"
"NA21580","NA21580",0,"2569","0","0",0,"MKK"
"NA21311","NA21311",1,"2566","0","0",0,"MKK"
"NA21636","NA21636",0,"2674","NA21634","NA21635",0,"MKK"
"NA21360","NA21360",0,"2579","0","0",0,"MKK"
"NA21301","NA21301",1,"2563","0","0",0,"MKK"
"NA21648","NA21648",1,"2677","NA21647","NA21686",0,"MKK"
"NA21441","NA21441",0,"2603","0","0",0,"MKK"
"NA21359","NA21359",1,"2579","0","0",0,"MKK"
"NA21424","NA21424",0,"2596","0","0",0,"MKK"
"NA21361","NA21361",0,"2579","NA21359","NA21360",0,"MKK"
"NA21514","NA21514",1,"2637","NA21512","NA21513",0,"MKK"
"NA21478","NA21478",1,"2615","0","0",0,"MKK"
"NA21366","NA21366",1,"2575","NA21344","NA21365",0,"MKK"
"NA21402","NA21402",1,"2588","0","0",0,"MKK"
"NA21344","NA21344",1,"2575","0","0",0,"MKK"
"NA21365","NA21365",0,"2575","0","0",0,"MKK"
"NA21317","NA21317",1,"2569","NA21316","NA21580",0,"MKK"
"NA21527","NA21527",1,"2634","NA21583","NA21526",0,"MKK"
"NA21307","NA21307",1,"2565","0","0",0,"MKK"
"NA21512","NA21512",1,"2637","0","0",0,"MKK"
"NA21718","NA21718",1,"2699","NA21716","NA21717",0,"MKK"
"NA21363","NA21363",0,"2566","0","0",0,"MKK"
"NA21387","NA21387",1,"2585","0","0",0,"MKK"
"NA21596","NA21596",1,"2663","0","0",0,"MKK"
"NA21693","NA21693",0,"2692","0","0",0,"MKK"
"NA21587","NA21587",1,"2657","0","0",0,"MKK"
"NA21529","NA21529",0,"2635","0","0",0,"MKK"
"NA21436","NA21436",0,"2601","0","0",0,"MKK"
"NA21420","NA21420",1,"2595","0","0",0,"MKK"
"NA21364","NA21364",0,"2568","0","0",0,"MKK"
"NA21689","NA21689",1,"2691","0","0",0,"MKK"
"NA21597","NA21597",0,"2663","0","0",0,"MKK"
"NA21353","NA21353",0,"2576","0","0",0,"MKK"
"NA21635","NA21635",0,"2674","0","0",0,"MKK"
"NA21439","NA21439",1,"2602","NA21447","NA21438",0,"MKK"
"NA21403","NA21403",0,"2588","0","0",0,"MKK"
"NA21601","NA21601",0,"2664","NA21599","NA21600",0,"MKK"
"NA21308","NA21308",0,"2565","0","0",0,"MKK"
"NA21613","NA21613",0,"2638","0","0",0,"MKK"
"NA21421","NA21421",0,"2595","0","0",0,"MKK"
"NA21631","NA21631",1,"2673","0","0",0,"MKK"
"NA21309","NA21309",0,"2565","NA21307","NA21308",0,"MKK"
"NA21620","NA21620",0,"2668","0","0",0,"MKK"
"NA21425","NA21425",0,"2596","NA21423","NA21424",0,"MKK"
"NA21316","NA21316",1,"2569","0","0",0,"MKK"
"NA21487","NA21487",0,"2618","NA21485","NA21486",0,"MKK"
"NA21485","NA21485",1,"2618","0","0",0,"MKK"
"NA21381","NA21381",1,"2583","0","0",0,"MKK"
"NA21442","NA21442",1,"2603","NA21440","NA21441",0,"MKK"
"NA21619","NA21619",1,"2668","0","0",0,"MKK"
"NA21295","NA21295",1,"2560","0","0",0,"MKK"
"NA21517","NA21517",0,"2639","0","0",0,"MKK"
"NA21314","NA21314",1,"2568","0","0",0,"MKK"
"NA21333","NA21333",0,"2560","0","0",0,"MKK"
"NA21457","NA21457",0,"2609","0","0",0,"MKK"
"NA21722","NA21722",1,"2701","0","0",0,"MKK"
"NA21318","NA21318",1,"2570","0","0",0,"MKK"
"NA21370","NA21370",1,"2581","0","0",0,"MKK"
"NA21475","NA21475",1,"2614","0","0",0,"MKK"
"NA21524","NA21524",0,"2633","0","0",0,"MKK"
"NA21493","NA21493",0,"2621","0","0",0,"MKK"
"NA21577","NA21577",1,"2655","0","0",0,"MKK"
"NA21371","NA21371",0,"2581","0","0",0,"MKK"
"NA20505","NA20505",0,"NA20505","0","0",0,"TSI"
"NA20504","NA20504",0,"NA20504","0","0",0,"TSI"
"NA20506","NA20506",0,"NA20506","0","0",0,"TSI"
"NA20502","NA20502",0,"NA20502","0","0",0,"TSI"
"NA20528","NA20528",1,"NA20528","0","0",0,"TSI"
"NA20531","NA20531",0,"NA20531","0","0",0,"TSI"
"NA20534","NA20534",1,"NA20534","0","0",0,"TSI"
"NA20535","NA20535",0,"NA20535","0","0",0,"TSI"
"NA20586","NA20586",1,"NA20586","0","0",0,"TSI"
"NA20756","NA20756",0,"NA20756","0","0",0,"TSI"
"NA20760","NA20760",0,"NA20760","0","0",0,"TSI"
"NA20765","NA20765",1,"NA20765","0","0",0,"TSI"
"NA20766","NA20766",0,"NA20766","0","0",0,"TSI"
"NA20769","NA20769",0,"NA20769","0","0",0,"TSI"
"NA20771","NA20771",0,"NA20771","0","0",0,"TSI"
"NA20512","NA20512",1,"NA20512","0","0",0,"TSI"
"NA20515","NA20515",1,"NA20515","0","0",0,"TSI"
"NA20516","NA20516",1,"NA20516","0","0",0,"TSI"
"NA20517","NA20517",0,"NA20517","0","0",0,"TSI"
"NA20518","NA20518",1,"NA20518","0","0",0,"TSI"
"NA20530","NA20530",0,"NA20530","0","0",0,"TSI"
"NA20538","NA20538",1,"NA20538","0","0",0,"TSI"
"NA20539","NA20539",1,"NA20539","0","0",0,"TSI"
"NA20542","NA20542",0,"NA20542","0","0",0,"TSI"
"NA20544","NA20544",1,"NA20544","0","0",0,"TSI"
"NA20588","NA20588",1,"NA20588","0","0",0,"TSI"
"NA20752","NA20752",1,"NA20752","0","0",0,"TSI"
"NA20753","NA20753",0,"NA20753","0","0",0,"TSI"
"NA20755","NA20755",1,"NA20755","0","0",0,"TSI"
"NA20759","NA20759",1,"NA20759","0","0",0,"TSI"
"NA20770","NA20770",1,"NA20770","0","0",0,"TSI"
"NA20775","NA20775",0,"NA20775","0","0",0,"TSI"
"NA20785","NA20785",1,"NA20785","0","0",0,"TSI"
"NA20796","NA20796",1,"NA20796","0","0",0,"TSI"
"NA20799","NA20799",0,"NA20799","0","0",0,"TSI"
"NA20808","NA20808",0,"NA20808","0","0",0,"TSI"
"NA20810","NA20810",1,"NA20810","0","0",0,"TSI"
"NA20812","NA20812",1,"NA20812","0","0",0,"TSI"
"NA20813","NA20813",0,"NA20813","0","0",0,"TSI"
"NA20815","NA20815",1,"NA20815","0","0",0,"TSI"
"NA20816","NA20816",1,"NA20816","0","0",0,"TSI"
"NA20819","NA20819",0,"NA20819","0","0",0,"TSI"
"NA20826","NA20826",0,"NA20826","0","0",0,"TSI"
"NA20509","NA20509",1,"NA20509","0","0",0,"TSI"
"NA20521","NA20521",1,"NA20521","0","0",0,"TSI"
"NA20529","NA20529",0,"NA20529","0","0",0,"TSI"
"NA20540","NA20540",0,"NA20540","0","0",0,"TSI"
"NA20541","NA20541",0,"NA20541","0","0",0,"TSI"
"NA20581","NA20581",1,"NA20581","0","0",0,"TSI"
"NA20582","NA20582",0,"NA20582","0","0",0,"TSI"
"NA20589","NA20589",0,"NA20589","0","0",0,"TSI"
"NA20754","NA20754",1,"NA20754","0","0",0,"TSI"
"NA20772","NA20772",0,"NA20772","0","0",0,"TSI"
"NA20773","NA20773",0,"NA20773","0","0",0,"TSI"
"NA20778","NA20778",1,"NA20778","0","0",0,"TSI"
"NA20787","NA20787",1,"NA20787","0","0",0,"TSI"
"NA20790","NA20790",0,"NA20790","0","0",0,"TSI"
"NA20792","NA20792",1,"NA20792","0","0",0,"TSI"
"NA20795","NA20795",0,"NA20795","0","0",0,"TSI"
"NA20797","NA20797",0,"NA20797","0","0",0,"TSI"
"NA20800","NA20800",0,"NA20800","0","0",0,"TSI"
"NA20801","NA20801",1,"NA20801","0","0",0,"TSI"
"NA20804","NA20804",0,"NA20804","0","0",0,"TSI"
"NA20806","NA20806",1,"NA20806","0","0",0,"TSI"
"NA20807","NA20807",0,"NA20807","0","0",0,"TSI"
"NA20809","NA20809",1,"NA20809","0","0",0,"TSI"
"NA20510","NA20510",1,"NA20510","0","0",0,"TSI"
"NA20519","NA20519",1,"NA20519","0","0",0,"TSI"
"NA20543","NA20543",1,"NA20543","0","0",0,"TSI"
"NA20758","NA20758",1,"NA20758","0","0",0,"TSI"
"NA20761","NA20761",0,"NA20761","0","0",0,"TSI"
"NA20768","NA20768",0,"NA20768","0","0",0,"TSI"
"NA20774","NA20774",0,"NA20774","0","0",0,"TSI"
"NA20786","NA20786",0,"NA20786","0","0",0,"TSI"
"NA20802","NA20802",0,"NA20802","0","0",0,"TSI"
"NA20805","NA20805",1,"NA20805","0","0",0,"TSI"
"NA20818","NA20818",0,"NA20818","0","0",0,"TSI"
"NA20508","NA20508",0,"NA20508","0","0",0,"TSI"
"NA20520","NA20520",1,"NA20520","0","0",0,"TSI"
"NA20524","NA20524",1,"NA20524","0","0",0,"TSI"
"NA20525","NA20525",1,"NA20525","0","0",0,"TSI"
"NA20527","NA20527",1,"NA20527","0","0",0,"TSI"
"NA20811","NA20811",1,"NA20811","0","0",0,"TSI"
"NA20522","NA20522",0,"NA20522","0","0",0,"TSI"
"NA20783","NA20783",1,"NA20783","0","0",0,"TSI"
"NA20803","NA20803",1,"NA20803","0","0",0,"TSI"
"NA20828","NA20828",0,"NA20828","0","0",0,"TSI"
"NA20757","NA20757",0,"NA20757","0","0",0,"TSI"
"NA18488","NA18488",0,"Y001","0","0",0,"YRI"
"NA18519","NA18519",1,"Y014","0","0",0,"YRI"
"NA19185","NA19185",0,"Y039","0","0",0,"YRI"
"NA19146","NA19146",1,"Y075","0","0",0,"YRI"
"NA19097","NA19097",0,"Y041","NA19096","NA19095",0,"YRI"
"NA18869","NA18869",1,"Y007","NA18868","NA18867",0,"YRI"
"NA19149","NA19149",0,"Y073","0","0",0,"YRI"
"NA18509","NA18509",1,"Y010","0","NA18511",0,"YRI"
"NA19256","NA19256",1,"Y092","0","0",0,"YRI"
"NA19108","NA19108",0,"Y006","0","0",0,"YRI"
"NA18925","NA18925",1,"Y033","NA18923","NA18924",0,"YRI"
"NA19178","NA19178",1,"Y038","0","0",0,"YRI"
"NA18484","NA18484",0,"Y001","NA18486","NA18488",0,"YRI"
"NA18916","NA18916",0,"Y030","0","0",0,"YRI"
"NA19123","NA19123",1,"Y061","NA19121","NA19122",0,"YRI"
"NA19190","NA19190",0,"Y111","0","0",0,"YRI"
"NA19249","NA19249",1,"Y120","NA19248","NA19247",0,"YRI"
"NA19121","NA19121",1,"Y061","0","0",0,"YRI"
"NA18935","NA18935",1,"Y036","NA18934","NA18933",0,"YRI"
"NA18497","NA18497",1,"Y003","NA18498","NA18499",0,"YRI"
"NA19113","NA19113",1,"Y079","0","0",0,"YRI"
"NA19235","NA19235",0,"Y116","0","0",0,"YRI"
"NA19174","NA19174",1,"Y100","NA19117","NA19118",0,"YRI"
"NA19095","NA19095",0,"Y041","0","0",0,"YRI"
"NA19096","NA19096",1,"Y041","0","0",0,"YRI"
"NA18868","NA18868",1,"Y007","0","0",0,"YRI"
"NA18909","NA18909",0,"Y027","0","0",0,"YRI"
"NA18933","NA18933",0,"Y036","0","0",0,"YRI"
"NA19175","NA19175",1,"Y044","0","0",0,"YRI"
"NA19247","NA19247",0,"Y120","0","0",0,"YRI"
"NA19151","NA19151",0,"Y073","NA19150","NA19149",0,"YRI"
"NA18489","NA18489",0,"Y002","0","0",0,"YRI"
"NA19181","NA19181",1,"Y052","0","0",0,"YRI"
"NA19257","NA19257",0,"Y092","0","0",0,"YRI"
"NA19117","NA19117",1,"Y100","0","0",0,"YRI"
"NA19214","NA19214",0,"Y110","0","0",0,"YRI"
"NA18485","NA18485",1,"Y002","NA18487","NA18489",0,"YRI"
"NA19237","NA19237",0,"Y116","NA19236","NA19235",0,"YRI"
"NA18520","NA18520",0,"Y014","0","0",0,"YRI"
"NA19213","NA19213",1,"Y110","0","0",0,"YRI"
"NA19224","NA19224",1,"Y057","NA19226","NA19225",0,"YRI"
"NA19197","NA19197",0,"Y035","0","0",0,"YRI"
"NA19191","NA19191",1,"Y111","NA19189","NA19190",0,"YRI"
"NA18911","NA18911",1,"Y027","NA18910","NA18909",0,"YRI"
"NA18518","NA18518",0,"Y014","NA18519","NA18520",0,"YRI"
"NA19198","NA19198",1,"Y035","0","0",0,"YRI"
"NA19122","NA19122",0,"Y061","0","0",0,"YRI"
"NA18930","NA18930",0,"Y030","NA18917","NA18916",0,"YRI"
"NA18934","NA18934",1,"Y036","0","0",0,"YRI"
"NA18924","NA18924",0,"Y033","0","0",0,"YRI"
"NA19147","NA19147",0,"Y075","0","0",0,"YRI"
"NA18486","NA18486",1,"Y001","0","0",0,"YRI"
"NA18499","NA18499",0,"Y003","0","0",0,"YRI"
"NA18487","NA18487",1,"Y002","0","0",0,"YRI"
"NA19248","NA19248",1,"Y120","0","0",0,"YRI"
"NA18917","NA18917",1,"Y030","0","0",0,"YRI"
"NA19115","NA19115",0,"Y079","NA19113","NA19114",0,"YRI"
"NA19114","NA19114",0,"Y079","0","0",0,"YRI"
"NA19215","NA19215",0,"Y110","NA19213","NA19214",0,"YRI"
"NA19184","NA19184",1,"Y039","0","0",0,"YRI"
"NA19183","NA19183",0,"Y052","NA19181","NA19182",0,"YRI"
"NA19176","NA19176",0,"Y044","0","0",0,"YRI"
"NA18867","NA18867",0,"Y007","0","0",0,"YRI"
"NA19180","NA19180",0,"Y038","NA19178","NA19179",0,"YRI"
"NA19148","NA19148",0,"Y075","NA19146","NA19147",0,"YRI"
"NA19109","NA19109",0,"Y006","NA19107","NA19108",0,"YRI"
"NA19236","NA19236",1,"Y116","0","0",0,"YRI"
"NA18874","NA18874",1,"Y019","0","0",0,"YRI"
"NA19179","NA19179",0,"Y038","0","0",0,"YRI"
"NA19186","NA19186",1,"Y039","NA19184","NA19185",0,"YRI"
"NA19182","NA19182",0,"Y052","0","0",0,"YRI"
"NA19226","NA19226",1,"Y057","0","0",0,"YRI"
"NA19225","NA19225",0,"Y057","0","0",0,"YRI"
"NA19258","NA19258",1,"Y092","NA19256","NA19257",0,"YRI"
"NA19189","NA19189",1,"Y111","0","0",0,"YRI"
"NA18498","NA18498",1,"Y003","0","0",0,"YRI"
"NA19118","NA19118",0,"Y100","0","0",0,"YRI"
"NA19199","NA19199",0,"Y035","NA19198","NA19197",0,"YRI"
"NA19107","NA19107",1,"Y006","0","0",0,"YRI"
"NA18875","NA18875",0,"Y019","NA18874","NA18873",0,"YRI"
"NA18510","NA18510",1,"Y010","0","0",0,"YRI"
"NA18511","NA18511",0,"Y010","0","0",0,"YRI"
"NA18923","NA18923",1,"Y033","0","0",0,"YRI"
"NA19150","NA19150",1,"Y073","0","0",0,"YRI"
"NA18910","NA18910",1,"Y027","0","0",0,"YRI"
"NA18873","NA18873",0,"Y019","0","0",0,"YRI"
"NA18505","NA18505",0,"Y005","0","0",0,"YRI"
"NA19202","NA19202",0,"Y045","NA19200","NA19201",0,"YRI"
"NA19240","NA19240",0,"Y117","NA19239","NA19238",0,"YRI"
"NA19239","NA19239",1,"Y117","0","0",0,"YRI"
"NA18501","NA18501",1,"Y004","0","0",0,"YRI"
"NA19137","NA19137",0,"Y043","0","0",0,"YRI"
"NA19153","NA19153",1,"Y072","0","0",0,"YRI"
"NA18857","NA18857",1,"Y023","NA18856","NA18855",0,"YRI"
"NA19223","NA19223",1,"Y058","0","0",0,"YRI"
"NA18500","NA18500",1,"Y004","NA18501","NA18502",0,"YRI"
"NA18861","NA18861",0,"Y024","0","0",0,"YRI"
"NA19201","NA19201",0,"Y045","0","0",0,"YRI"
"NA19144","NA19144",1,"Y074","0","0",0,"YRI"
"NA19193","NA19193",0,"Y112","0","0",0,"YRI"
"NA18503","NA18503",1,"Y005","NA18504","NA18505",0,"YRI"
"NA18504","NA18504",1,"Y005","0","0",0,"YRI"
"NA19203","NA19203",1,"Y048","0","0",0,"YRI"
"NA19143","NA19143",0,"Y074","0","0",0,"YRI"
"NA18871","NA18871",1,"Y017","0","0",0,"YRI"
"NA18870","NA18870",0,"Y017","0","0",0,"YRI"
"NA19200","NA19200",1,"Y045","0","0",0,"YRI"
"NA18517","NA18517",0,"Y013","0","0",0,"YRI"
"NA19221","NA19221",0,"Y058","NA19223","NA19222",0,"YRI"
"NA18863","NA18863",1,"Y024","NA18862","NA18861",0,"YRI"
"NA18855","NA18855",0,"Y023","0","0",0,"YRI"
"NA19209","NA19209",0,"Y050","0","0",0,"YRI"
"NA19160","NA19160",1,"Y056","0","0",0,"YRI"
"NA19152","NA19152",0,"Y072","0","0",0,"YRI"
"NA19102","NA19102",0,"Y042","0","0",0,"YRI"
"NA19172","NA19172",0,"Y047","0","0",0,"YRI"
"NA18854","NA18854",1,"Y018","NA18853","NA18852",0,"YRI"
"NA18515","NA18515",1,"Y013","NA18516","NA18517",0,"YRI"
"NA19238","NA19238",0,"Y117","0","0",0,"YRI"
"NA19142","NA19142",1,"Y071","NA19141","NA19140",0,"YRI"
"NA18913","NA18913",1,"Y028","0","0",0,"YRI"
"NA19139","NA19139",1,"Y043","NA19138","NA19137",0,"YRI"
"NA18912","NA18912",0,"Y028","0","0",0,"YRI"
"NA19222","NA19222",0,"Y058","0","0",0,"YRI"
"NA18508","NA18508",0,"Y009","0","0",0,"YRI"
"NA19129","NA19129",0,"Y077","NA19128","NA19127",0,"YRI"
"NA19194","NA19194",1,"Y112","NA19192","NA19193",0,"YRI"
"NA19154","NA19154",1,"Y072","NA19153","NA19152",0,"YRI"
"NA19138","NA19138",1,"Y043","0","0",0,"YRI"
"NA18852","NA18852",0,"Y018","0","0",0,"YRI"
"NA19120","NA19120",1,"Y060","NA19119","NA19116",0,"YRI"
"NA19210","NA19210",1,"Y050","0","0",0,"YRI"
"NA19204","NA19204",0,"Y048","0","0",0,"YRI"
"NA18507","NA18507",1,"Y009","0","0",0,"YRI"
"NA19159","NA19159",0,"Y056","0","0",0,"YRI"
"NA19211","NA19211",1,"Y050","NA19210","NA19209",0,"YRI"
"NA18516","NA18516",1,"Y013","0","0",0,"YRI"
"NA18862","NA18862",1,"Y024","0","0",0,"YRI"
"NA19101","NA19101",1,"Y042","0","0",0,"YRI"
"NA18872","NA18872",1,"Y017","NA18871","NA18870",0,"YRI"
"NA19192","NA19192",1,"Y112","0","0",0,"YRI"
"NA18858","NA18858",0,"Y012","0","0",0,"YRI"
"NA19141","NA19141",1,"Y071","0","0",0,"YRI"
"NA19093","NA19093",0,"Y040","0","0",0,"YRI"
"NA19132","NA19132",0,"Y101","NA19130","NA19131",0,"YRI"
"NA19206","NA19206",0,"Y051","0","0",0,"YRI"
"NA18506","NA18506",1,"Y009","NA18507","NA18508",0,"YRI"
"NA19098","NA19098",1,"Y105","0","0",0,"YRI"
"NA19130","NA19130",1,"Y101","0","0",0,"YRI"
"NA19128","NA19128",1,"Y077","0","0",0,"YRI"
"NA19131","NA19131",0,"Y101","0","0",0,"YRI"
"NA19208","NA19208",1,"Y051","NA19207","NA19206",0,"YRI"
"NA19116","NA19116",0,"Y060","0","0",0,"YRI"
"NA18914","NA18914",1,"Y028","NA18913","NA18912",0,"YRI"
"NA19127","NA19127",0,"Y077","0","0",0,"YRI"
"NA19094","NA19094",0,"Y040","NA19092","NA19093",0,"YRI"
"NA19161","NA19161",1,"Y056","NA19160","NA19159",0,"YRI"
"NA18853","NA18853",1,"Y018","0","0",0,"YRI"
"NA19173","NA19173",1,"Y047","NA19171","NA19172",0,"YRI"
"NA19171","NA19171",1,"Y047","0","0",0,"YRI"
"NA19140","NA19140",0,"Y071","0","0",0,"YRI"
"NA18859","NA18859",1,"Y012","0","0",0,"YRI"
"NA19119","NA19119",1,"Y060","0","0",0,"YRI"
"NA18860","NA18860",1,"Y012","NA18859","NA18858",0,"YRI"
"NA19207","NA19207",1,"Y051","0","0",0,"YRI"
"NA19103","NA19103",1,"Y042","NA19101","NA19102",0,"YRI"
"NA19099","NA19099",0,"Y105","0","0",0,"YRI"
